{
  "items": [
    {
      "title": "Koi Sleeve",
      "src": "https://images.unsplash.com/photo-1536584310392-9d0cb6f53f49?q=80&w=1200&auto=format&fit=crop",
      "tags": [
        "Japanese",
        "Color"
      ]
    },
    {
      "title": "Floral Linework",
      "src": "https://images.unsplash.com/photo-1546484959-f0c5d89f5046?q=80&w=1200&auto=format&fit=crop",
      "tags": [
        "Blackwork",
        "Fine line"
      ]
    },
    {
      "title": "Tiger Backpiece",
      "src": "https://images.unsplash.com/photo-1552400505-3723c717f1f2?q=80&w=1200&auto=format&fit=crop",
      "tags": [
        "Japanese",
        "B&G"
      ]
    },
    {
      "title": "Neo-Trad Portrait",
      "src": "https://images.unsplash.com/photo-1520975682031-c3d2a9e6cd1b?q=80&w=1200&auto=format&fit=crop",
      "tags": [
        "Neo-trad",
        "Color"
      ]
    },
    {
      "title": "Script",
      "src": "https://images.unsplash.com/photo-1536920880469-8b861888f53a?q=80&w=1200&auto=format&fit=crop",
      "tags": [
        "Lettering"
      ]
    },
    {
      "title": "Dragon Forearm",
      "src": "https://images.unsplash.com/photo-1543165780-93d4b7a408ed?q=80&w=1200&auto=format&fit=crop",
      "tags": [
        "Japanese",
        "B&G"
      ]
    }
  ]
}